{"input_data":[[-0.40077725,2.4938452,0.5796361]],"input_shapes":[[3]],"output_data":[[-0.13851929,2.4727173,0.41326904]]}