{"input_data":[[0.4948858,0.9579402,0.46834546]],"input_shapes":[[3]],"output_data":[[0.3383789,0.79577637,0.31860352]]}