{"input_data":[[0.15875292,0.88023454,0.0037779212]],"input_shapes":[[3]],"output_data":[[0.171875,0.78125,0.0]]}